Tweet,Sentiment Score,Sentiment
YazÄ±lÄ±mcÄ±larÄ±n en bÃ¼yÃ¼k kabusu: Kod yazarken kahve fincanÄ±nÄ± klavyeye dÃ¶kme riski! â˜•ï¸ğŸ’» #chatgpt #yazÄ±lÄ±m #mizah,0.0,NoÌˆtr
"YazÄ±lÄ±m dÃ¼nyasÄ±nda son geliÅŸmeler: Google, Gemini kod yazma aracÄ±nÄ± Ã¼cretsiz kullanÄ±ma sundu!  AyrÄ±ca, ChatGPT'nin insansÄ± konuÅŸma Ã¶zelliÄŸi artÄ±k Ã¼cretsiz.  Siber gÃ¼venlik, yapay zeka, bulut sistemleri ve blockchain 2024'Ã¼n Ã¶ne Ã§Ä±kan trendleri! #yazÄ±lÄ±m #teknoloji #yapayzekaâ€¦",0.0,NoÌˆtr
"YazÄ±lÄ±m iÅŸlerinizi
Bize sormadan yaptÄ±rmayÄ±n

â˜ºï¸â˜ºï¸ğŸ¥°ğŸ¤—

AramÄ±za yeni katÄ±lan Ã§alÄ±ÅŸma arkadaÅŸÄ±mÄ±zla birlikte, sizlere yazÄ±lÄ±m konusunda desteÄŸimizi sunmaktan onur duyarÄ±z â˜ºï¸

Bbsc
@â€¦â€¦.. ?!

#TekDerdimizKademe #OpenSea 
#Bbsc #YazÄ±lÄ±m #Logo #Ä°ntro #Nft #Blockchain #Algoritmaâ€¦ https://t.co/Re6nPLRpAy https://t.co/kvWtDzuRts",0.0,NoÌˆtr
"Yapay zeka teknolojilerinin, 
YazÄ±lÄ±m MÃ¼hendislerinin istihdam oranÄ±nÄ± dÃ¼ÅŸÃ¼rdÃ¼ÄŸÃ¼nÃ¼ aÃ§Ä±kÃ§a gÃ¶rebiliyoruz..

#yapayzeka #yazÄ±lÄ±m https://t.co/prGkRxIXvU",0.0,NoÌˆtr
"YazÄ±lÄ±m dÃ¼nyasÄ±nda sÃ¼rekli deÄŸiÅŸen teknolojilerle ayakta kalabilmek iÃ§in Ã¶ÄŸrenmeye devam etmek Ã§ok Ã¶nemli! Yeni bir dil veya framework Ã¶ÄŸrenmek, kariyerinizde bÃ¼yÃ¼k bir fark yaratabilir. #YazÄ±lÄ±m #Teknoloji #Kodlama #GeliÅŸtirici #YazÄ±lÄ±mGeliÅŸtirme
#SÃ¼reciBaltalayacaÄŸÄ±zâ€¦ https://t.co/oaJ6k6Njnx",0.0,NoÌˆtr
"Oyunlar, tÄ±pkÄ± bir hikaye gibi, her kod satÄ±rÄ±yla bir dÃ¼nyayÄ± anlatÄ±r. Her detay, bir duygu ve anlam taÅŸÄ±r. (:
Bu hafta da, keÅŸfetmeniz iÃ§in farklÄ± oyunlarÄ± bir araya getirdik!

#UNXTechnology #YazÄ±lÄ±m #Teknoloji #Haber #Software #Yapayzeka #BulutBiliÅŸim #BT https://t.co/RFpHb6T5Mj",0.5411,Pozitif
"Flutter ile eposta doÄŸrulama iÅŸlemlerini anlattÄ±m. Siz de medium hesabÄ±mÄ±zdan okuyup, yapabilirsiniz, deneyebilirsiniz. 

https://t.co/JVdI0WMONM

#yazÄ±lÄ±m #flutter #flutterdev #mobiledev #mobiledeveloper #mobildevelopment #flutterapp #flutterdeveloper https://t.co/JMVvw6pp6B",0.0,NoÌˆtr
"Yapay zekanÄ±n evrimine tanÄ±k olmak, yeni bir dil Ã¶ÄŸrenmek gibi. #chatgpt #teknoloji #yazÄ±lÄ±m",0.0,NoÌˆtr
"#MTRKS 
SatÄ±ÅŸ gelirlerinde ciddi bir ivmelenme sÃ¶z konusu..
#yapayzeka #yazÄ±lÄ±m https://t.co/EXwf89vadN",0.0,NoÌˆtr
"KÄ±rÄ±kkale'de Web YazÄ±lÄ±m Åirketi Olarak Ãœst SÄ±ralara Ã‡Ä±kmak Ä°Ã§in Ä°puÃ§larÄ±
https://t.co/dY4FXscXeX

#KÄ±rÄ±kkale'de #Web #YazÄ±lÄ±m #Åirketi #Olarak #Ãœst #SÄ±ralara #Ã‡Ä±kmak #Ä°Ã§in #Ä°puÃ§larÄ± #AlestaMedya #Alesta #Medya https://t.co/shSnGEPmDZ",0.0,NoÌˆtr
"Ä°nsansÄ± robotlarÄ±n kendi kopyalarÄ±nÄ± Ã¼rettiÄŸi yeni bir Ã§aÄŸ baÅŸlÄ±yor
https://t.co/cfO0vUtwdU
#gÃ¼ncel #haber #teknoloji #yazÄ±lÄ±m #yapayzeka #ai #haberler",0.0,NoÌˆtr
"ğŸŒŸ MarkanÄ±zÄ±n Ä°mzasÄ±nÄ± DÃ¼nyaya Duyuruyoruz.

â„¹ï¸ https://t.co/ULchVrClMR

âœ…Size Ã–zel Ã–zgÃ¼n #TasarÄ±mlar
âœ… #Web #TasarÄ±m
âœ… Ã–zel #YazÄ±lÄ±m Ã‡Ã¶zÃ¼mleri
âœ… #Sosyal Medya YÃ¶netimi
âœ… #Marka PR Ã‡alÄ±ÅŸmalarÄ±
âœ… #ProdÃ¼ksiyon Hizmetleri
âœ… #Kurumsal Kimlik Ã‡alÄ±ÅŸmalarÄ±
âœ… #Reklam Stratejileri https://t.co/GZEBO1hAEQ",0.0,NoÌˆtr
"Profesyonel YazÄ±lÄ±mcÄ±lar ğŸ’»ğŸš€

Serbest Ã§alÄ±ÅŸan profesyonel yazÄ±lÄ±mcÄ±larla projelerinizi hayata geÃ§irin! 

En iyi yazÄ±lÄ±m Ã§Ã¶zÃ¼mleri iÃ§in;

ğŸ”— Åimdi keÅŸfet: https://t.co/1ZuUA1hERd

#freelance #serbestÃ§alÄ±ÅŸma #yazÄ±lÄ±m #webtasarÄ±m #kodlama #programlama #yapayzeka https://t.co/0yAcKB2vua",0.0,NoÌˆtr
"DDYO NELER YAPTI?

ğŸŸ¥ Proje AdÄ±:
15 Temmuz Dijital Pul OluÅŸturma

ğŸŸ¥ Kategori:
Web TabanlÄ± YazÄ±lÄ±m Bilgi YÃ¶netimi

ğŸŸ¥ Teslim Tarihi:
13.07.2021

#dijitaldÃ¶nÃ¼ÅŸÃ¼m #yazÄ±lÄ±m #fÄ±ratÃ¼niversitesi https://t.co/RSKCzwmu7D",0.0,NoÌˆtr
"Yapay Zeka insanlarÄ± ne zaman iÅŸsiz bÄ±rakacak? ğŸ‘¨â€ğŸ’»ğŸ‘¨â€ğŸ’» #ai #yapayzeka

Yapay Zeka'nÄ±n hedefi yazÄ±lÄ±mcÄ±lar mÄ± yoksa korktuÄŸumuz seviyeye geldiÄŸinde tek hedef yazÄ±lÄ±mcÄ±lar olmayacak mÄ± ? #yazÄ±lÄ±m #iÅŸsiz

https://t.co/4gixKusjoT",0.0,NoÌˆtr
"Hayallerindeki yazÄ±lÄ±m becerilerini geliÅŸtirmek iÃ§in doÄŸru adresi buldun! Ä°ster sÄ±fÄ±rdan baÅŸla, ister mevcut yeteneklerini bir Ã¼st seviyeye taÅŸÄ± â€“Â bizim kurslarÄ±mÄ±z tam sana gÃ¶re.Â ğŸš€â€‹

â€‹DetaylÄ± bilgi iÃ§in https://t.co/0LINnPFsC1â€‹
â€‹
#perconakademiÂ #onlinekurs #yazÄ±lÄ±m #teknoloji https://t.co/smtyNV1q3T",0.0,NoÌˆtr
"YazÄ±lÄ±mÄ±n gizemi aslÄ±nda Ã§ay demlemeye benzer; doÄŸru zamanlama, sabÄ±r ve doÄŸru malzemeyle mÃ¼kemmel sonuÃ§lar elde edersiniz. â˜•ğŸ’» #chatgpt #yazÄ±lÄ±m #motivasyon",0.0,NoÌˆtr
"Ä°zmir SEO Web YazÄ±lÄ±m: Ãœst SÄ±ralara Ã‡Ä±kmak Ä°Ã§in Ä°zlenmesi Gereken Yollar
https://t.co/V8BWHYcQ7x

#Ä°zmir #SEO #Web #YazÄ±lÄ±m: #Ãœst #SÄ±ralara #Ã‡Ä±kmak #Ä°Ã§in #Ä°zlenmesi #Gereken #Yollar #AlestaMedya #Alesta #Medya https://t.co/ggHIX8O97j",0.0,NoÌˆtr
"â€œMosaic YazÄ±lÄ±mÄ±yla YangÄ±n AlarmÄ± YÃ¶netimini GeliÅŸtirinâ€ 

#teknim #yerliÃ¼retim #mosaic #bulutplatformu #yerliÃ¼retim #yazÄ±lÄ±m #yangÄ±nalarm #hÄ±rsÄ±zalarm #kablosuzyangÄ±n #adresliyangÄ±n #konvansiyonelyangÄ±n #grafikizlemeyazÄ±lÄ±mlarÄ± #technology https://t.co/LU4Eq4Hy7D",0.0,NoÌˆtr
"CezalÄ± ÅŸirketleri cezalarÄ± ve ceza sÃ¼releri

#ekonomi #dolar #faiz #yapayzeka #borsa #bist #bist100 #hisse #endeks #bist500  #halkaarz #imalat #sanayi #ticaret #fon #hissesenedi #gÄ±da #viop #bitcoin #5G #teknoloji #turizm #yazÄ±lÄ±m #tekstil #gldgr #BIST100Sirketler #gyo #para https://t.co/a2VHy50L2Y",0.0,NoÌˆtr
"Kod yazmak, farkÄ±nda olmadan hata yaratma sanatÄ±dÄ±r. Ä°lk Ã§alÄ±ÅŸan kodda bile ÅŸÃ¼pheleniriz. Runtime hatalarÄ± belirince, kÄ±sÄ±tlÄ± ipuÃ§larÄ±yla Sherlock Holmes'a dÃ¶nÃ¼ÅŸÃ¼rÃ¼z â€“ her yazÄ±lÄ±mcÄ±, kendi yarattÄ±ÄŸÄ± gizemlerin dedektifidir.
#yazilim  #software #python #java",0.0,NoÌˆtr
"Kaliteli YazÄ±lÄ±m, BaÅŸarÄ±lÄ± Gelecek Demektir!

@softiqaa  olarak kaliteli yazÄ±lÄ±mÄ±n Ã¶nemini her zaman vurguluyor ve bu alanda uzmanlar yetiÅŸtiriyoruz. Siz de bu yolculuÄŸa katÄ±lmak ister misiniz?
#FullStackDeveloper #yazÄ±lÄ±m #YazÄ±lÄ±mkursu #kariyer https://t.co/NPsQKE6j9u",0.0,NoÌˆtr
"ğŸ’¡ Åimdi iletiÅŸime geÃ§in, iÅŸletmenize Ã¶zel Ã§Ã¶zÃ¼mler Ã¼retelim.

Detaylar iÃ§in MAX UzmanlarÄ±na ulaÅŸabilirsiniz!

ğŸŒhttps://t.co/fwg7Y1xseq
ğŸ“ 0850 455 01 24
ğŸ“© info@maxbilgisayar.com

#iÅŸletmeyazÄ±lÄ±mÄ± #ÅŸirketyazÄ±lÄ±mÄ± #Ã¶zelyazÄ±lÄ±m #yazÄ±lÄ±m #yazÄ±lÄ±mÃ§Ã¶zÃ¼mleri #software #otomasyon",0.0,NoÌˆtr
"#Tether CEOâ€™su #Ardoino: Yapay zeka, #yazÄ±lÄ±m alanÄ±nda insanlarÄ± geride bÄ±rakacak
https://t.co/jVClUa6znP #Tethereum #YapayZeka #Robots #insan",0.0,NoÌˆtr
"Komisyon Ä°adesiyle Daha Fazla Kazan!ğŸš€ 

Serbest Ã§alÄ±ÅŸan olarak kazancÄ±nÄ± en iyi ÅŸekilde deÄŸerlendirmek senin elinde! 

KocFreelancing ile komisyon iadeni al, daha fazla kazan!

ğŸ”— https://t.co/1ZuUA1hERd

#serbestÃ§alÄ±ÅŸma #grafiktasarÄ±m #yazÄ±lÄ±m #boyabadana #temizlik #eÄŸitim https://t.co/NtHMMYGRtf",0.0,NoÌˆtr
"Yeni bir ÅŸeyler Ã¶ÄŸrenmek iÃ§in harika bir zaman! EÄŸer yazÄ±lÄ±m dÃ¼nyasÄ±na adÄ±m atmak istiyorsan,Â ÅŸimdi tam zamanÄ±!Â ğŸ’»â€‹
â€‹
DetaylÄ± bilgi iÃ§in https://t.co/0LINnPFsC1ğŸ“â€‹
â€‹
#perconakademiÂ #motivasyon #onlinekurs #yazÄ±lÄ±m #teknoloji #phyton #java https://t.co/otGcSL58hR",0.0,NoÌˆtr
"Kod yazarken temiz ve okunabilir kod, hatalarÄ± en aza indirgenin anahtarÄ±dÄ±r. Her zaman anlamlÄ± deÄŸiÅŸken adlarÄ± kullan ve gereksiz karmaÅŸÄ±klÄ±ktan kaÃ§Ä±n! #chatgpt #yazÄ±lÄ±m #kodlama",0.0,NoÌˆtr
"Kod yazmak, hayallerimizi gerÃ§eÄŸe dÃ¶nÃ¼ÅŸtÃ¼rmenin en gÃ¼Ã§lÃ¼ yoludur. Her satÄ±rda bir hikaye, her hata da bir ders var. Hadi yazmaya devam edelim! #chatgpt #yazÄ±lÄ±m",0.0,NoÌˆtr
"Kod yazarken sorunlarÄ± Ã§Ã¶zmek, yeni kapÄ±lar aÃ§mak gibidir. Her hatada bir Ã¶ÄŸrenme fÄ±rsatÄ±, her baÅŸarÄ±da bir sonraki adÄ±m iÃ§in ilham var! ğŸš€ğŸ’» #chatgpt #yazÄ±lÄ±m",0.0,NoÌˆtr
"Ä°ÅŸ sÃ¼reÃ§lerinizi optimize edin, sÃ¼rÃ¼kle-bÄ±rak yÃ¶ntemiyle akÄ±ÅŸlarÄ±nÄ±zÄ± tasarlayÄ±n! Xpoda ile karmaÅŸÄ±k yazÄ±lÄ±m sÃ¼reÃ§lerine son veriyoruz. Ä°ÅŸletmenize hÄ±z ve esneklik katÄ±n. ğŸŒ

#xpoda #nocode #dijitaldÃ¶nÃ¼ÅŸÃ¼m #yazÄ±lÄ±m #lowcode #xpodatr https://t.co/oJF6Nhq7kJ",0.5411,Pozitif
"Yapay zeka destekli hesap makinesi mi? ğŸ¤£ğŸ˜…ğŸ˜

Bizifest Freelance Platformu'na katÄ±l, sen de kazanmaya baÅŸla! 

#yazÄ±lÄ±m #yazÄ±lÄ±mcÄ± #programcÄ± #kodlama #komik #yapayzeka   #kod #grafik #grafiktasarÄ±mcÄ± #freelanceturkiye #freelancer #freelance #bizifest

Kimler bÃ¶yle? ğŸ˜… https://t.co/cJjHDqfLzj",0.4314,Pozitif
"EIN (Employer Identification Number), TÃ¼rkÃ§eye ""Ä°ÅŸveren Kimlik NumarasÄ±"" olarak Ã§evrilebilecek, ABD'deki vergi mÃ¼kellefleri iÃ§in verilen bir tanÄ±mlayÄ±cÄ± numaradÄ±r.
https://t.co/xCgVQZhpqn
#ein #yazÄ±lÄ±m https://t.co/eCI7Io2BgG",0.0,NoÌˆtr
"#turkiye genÃ§ nÃ¼fus ve Ã¼niversite ve arge merkezleri:
YazÄ±lÄ±m ve yapay zeka konusunda bÃ¼yÃ¼k fÄ±rsatlar var ve sanayi gibi bÃ¼yÃ¼k sermaye yatÄ±rÄ±mÄ± gerekli deÄŸil. BÃ¼yÃ¼k gruplar mutlaka bu alanda olmalÄ±. #Yapay zeka , #yazÄ±lÄ±m",0.0,NoÌˆtr
"ARAÃ‡ Ä°Ã‡Ä° Ä°NTERNET
YolculuklarÄ±nÄ±zda kesintisiz 7/24 internet ayrÄ±calÄ±ÄŸÄ±nÄ± keÅŸfedin!

https://t.co/pg9pNPjjv5

#atlasyazÄ±lÄ±m #teknoloji #technology #yazÄ±lÄ±m #araÃ§takipsistemi #websitesi #mobiluygulama #websitesi #tasarÄ±m https://t.co/UXVRP03u4V",0.0,NoÌˆtr
"Adana Ã–zel Web YazÄ±lÄ±m: Profesyonel Ã‡Ã¶zÃ¼mler ve Ãœst SÄ±ralarda Yer Alma Stratejileri
https://t.co/iayJeM39Ur

#Adana #Ã–zel #Web #YazÄ±lÄ±m: #Profesyonel #Ã‡Ã¶zÃ¼mler #ve #Ãœst #SÄ±ralarda #Yer #Alma #Stratejileri #AlestaMedya #Alesta #Medya https://t.co/xdnJ3MPYqN",0.0,NoÌˆtr
"Paolo Ardoino, yapay zekanÄ±n yazÄ±lÄ±m geliÅŸtirmede insanlarÄ± aÅŸacaÄŸÄ±nÄ± belirtti! ğŸ¤–ğŸš€ Makine Ã¶ÄŸrenimi ve AI araÃ§larÄ± sayesinde sÃ¼reÃ§ hÄ±zlanÄ±yor. YaratÄ±cÄ±lÄ±k hala Ã¶nemli. Daha fazlasÄ± iÃ§in https://t.co/AIRMVeREPK #YapayZeka #YazÄ±lÄ±m",0.0,NoÌˆtr
"Grok, Elon Musk ve Trump iÃ§in sansÃ¼r uygularken yakalandÄ±, xAI eski OpenAI Ã§alÄ±ÅŸanÄ±nÄ± suÃ§ladÄ±
https://t.co/UKlvwT93Vl
#gÃ¼ncel #haber #teknoloji #yazÄ±lÄ±m #yapayzeka #ai #haberler #news",0.0,NoÌˆtr
"Google, AI destekli kodlama asistanÄ± Gemini Code Assistâ€˜i bireysel geliÅŸtiriciler iÃ§in Ã¼cretsiz olarak sunmaya baÅŸladÄ±. https://t.co/nH29Pi74rc
#google #gemini #geminicodeassist #kodlama #yazÄ±lÄ±m",0.0,NoÌˆtr
"Yozgat Web YazÄ±lÄ±m Åirketi Nedir ve Ne Ä°ÅŸ Yapar?
https://t.co/wpYFLQY8YI

#Yozgat #Web #YazÄ±lÄ±m #Åirketi #Nedir #ve #Ne #Ä°ÅŸ #Yapar? #AlestaMedya #Alesta #Medya https://t.co/KXfLkDOJIw",0.0,NoÌˆtr
bilgisayar virÃ¼sleri #ilim #yazÄ±lÄ±m https://t.co/1vjf7ct1pr,0.0,NoÌˆtr
"Flutter ciddi ciddi sevmeye baÅŸladÄ±m :D Class tanÄ±mlarÄ± ve kullanÄ±mlarÄ± Ã§ok hoÅŸuma gidiyor. new kullanma diyor gereksiz yapÄ±ÅŸtÄ±r geÃ§. Direkt ClassName(id:1, val:""w"") ÅŸeklinde tanÄ±mlayÄ±p ilerliyorum. Her ÅŸeyi yapÄ±yor. MÃ¼thiÅŸ :D #flutter #yazÄ±lÄ±m #mobilgeliÅŸtirme",0.8429,Pozitif
"YetiÅŸir mi? Kimler bÃ¶yle? ğŸ¤£ğŸ˜…ğŸ˜

Bizifest Freelance Platformu'na katÄ±l, sen de kazanmaya baÅŸla! 

#yazÄ±lÄ±m #yazÄ±lÄ±mcÄ± #programcÄ± #kodlama #komik #yapayzeka   #kod #grafik  #grafiktasarÄ±mcÄ± #freelanceturkiye #freelancer #freelance #bizifest

Kimler bÃ¶yle? ğŸ˜… https://t.co/OAxHELA5Bj",0.4646,Pozitif
"4. ÃœÃ§Ã¼ncÃ¼ Taraf Risk YÃ¶netimini GeliÅŸtirir.
5. Gelecekteki Veri SÄ±zÄ±ntÄ±larÄ±nÄ± Ã–nler.

ğŸŒhttps://t.co/fwg7Y1xseq
ğŸ“ 0850 455 01 24
ğŸ“© info@maxbilgisayar.com

#verisÄ±zÄ±ntÄ±sÄ± #verigÃ¼venliÄŸi #veriihlali #yazÄ±lÄ±m #yazÄ±lÄ±mÃ§Ã¶zÃ¼mleri #biliÅŸim #bilgiteknolojileri #edÃ¶nÃ¼ÅŸÃ¼m",-0.2732,Negatif
"Ä°zmir YÃ¼ksek Teknoloji EnstitÃ¼sÃ¼â€™nde DoÃ§. Dr. Mehmet PenpecioÄŸluâ€™nun deÄŸerli iÅŸ birliÄŸiyle yÃ¼rÃ¼ttÃ¼ÄŸÃ¼mÃ¼z DatÃ§a NazÄ±m ve Uygulama Ä°mar PlanlarÄ± hakkÄ±nda sÃ¶yleÅŸiden kareler.
#kentbis #izmiryÃ¼ksekteknolojienstitÃ¼sÃ¼ #datÃ§a #nazÄ±mplan #uygulamaimarplanÄ± #ÅŸehirplanlama #sÃ¶yleÅŸi #yazÄ±lÄ±m https://t.co/cgj8kXZKUh",0.0,NoÌˆtr
"DoÄŸru Promt NasÄ±l YazÄ±lÄ±r? ğŸ’«

#dijitaldÃ¶nÃ¼ÅŸÃ¼m #yazÄ±lÄ±m #fÄ±ratÃ¼niversitesi https://t.co/QNL6JnJqxE",0.0,NoÌˆtr
"Logo YazÄ±lÄ±m 2025 Kampanya 
Davraz Teknoloji 
#davrazteknoloji #logoyazÄ±lÄ±m #logomuhasebe #logapp #Ä±sparta #logappmobil #davraz #teknoloji #kampanya2025 #indirim #iÅŸortaÄŸÄ± #logo #davrazyazÄ±lÄ±m #yazÄ±lÄ±m #muhasebe #Ã¶nmuhasebe #cari #stok #banka #kasa #Ã§ek #senet #ambar #depo
#GSvFB https://t.co/A3yCstodHB",0.0,NoÌˆtr
"Logo YazÄ±lÄ±m 2025 Kampanya 
Davraz Teknoloji 
#davrazteknoloji #logoyazÄ±lÄ±m #logomuhasebe #logapp #Ä±sparta #logappmobil #davraz #teknoloji #kampanya2025 #indirim #iÅŸortaÄŸÄ± #logo #davrazyazÄ±lÄ±m #yazÄ±lÄ±m #muhasebe #Ã¶nmuhasebe #cari #stok #banka #kasa #Ã§ek #senet #ambar #depo https://t.co/Fq78Gb2Gq6",0.0,NoÌˆtr
"Logo YazÄ±lÄ±m 2025 Kampanya 
Davraz Teknoloji 
#davrazteknoloji #logoyazÄ±lÄ±m #logomuhasebe #logapp #Ä±sparta #logappmobil #davraz #teknoloji #kampanya2025 #indirim #iÅŸortaÄŸÄ± #logo #davrazyazÄ±lÄ±m #yazÄ±lÄ±m #muhasebe #Ã¶nmuhasebe #cari #stok #banka #kasa #Ã§ek #senet #ambar #depo
#GSvFB https://t.co/yB6EvkZWA6",0.0,NoÌˆtr
"ğŸš€ Yapay Zeka ile GeleceÄŸe AdÄ±m AtÄ±n! ğŸš€
Yapay Zeka KÃ¼meleme ProgramÄ± ile iÅŸletmenizi bir Ã¼st seviyeye taÅŸÄ±yÄ±n!

ğŸŒ Detaylar ve baÅŸvuru: https://t.co/QtG0P6R2aW
#YapayZeka #SanayiBakanlÄ±ÄŸÄ± #KÃ¼melemeProgramÄ± #Teknoloji #Ä°novasyon #Robotik #BiliÅŸim #arge #yazÄ±lÄ±m #phyton #biliÅŸim https://t.co/o6VTGCyFe4",0.0,NoÌˆtr
"Kendine YatÄ±rÄ±m Yapmak iÃ§in En DoÄŸru Zaman "" ÅÄ°MDÄ°! ""
TÃ¼mÃ¼yle sektÃ¶rel deneyimlerle hazÄ±rlanmÄ±ÅŸ, "" 2 YÄ±llÄ±k SektÃ¶r Deneyimine "" eÅŸdeÄŸer uzmanlÄ±k eÄŸitimleri ile "" Aranan Uzman "" olacaksÄ±n!

GeleceÄŸini Daha Fazla Erteleme!

444 3 111
https://t.co/tPmK3Weyks

#ÃœÃ§Ã¼ncÃ¼BinyÄ±l #yazÄ±lÄ±m https://t.co/Z5fOW745iC",0.0,NoÌˆtr
"ğŸ”µ AvantajlarÄ±
â€¢Esnek Fatura DÃ¼zenleme
â€¢GÃ¼venilir Stok YÃ¶netimi
â€¢FarklÄ± Para Birimleriyle Ä°ÅŸlem
â€¢HÄ±zlÄ± ve GÃ¼venli Ä°ÅŸlem
â€¢Ä°kinci El AraÃ§ YÃ¶netimi

ğŸŒhttps://t.co/fwg7Y1xseq
ğŸ“ 0850 455 01 24
ğŸ“© info@maxbilgisayar.com

#yazÄ±lÄ±m #vegayazÄ±lÄ±m #vegaotosatÄ±ÅŸ #otomobilsatÄ±ÅŸ",0.0,NoÌˆtr
"ÅanlÄ±urfa Teknokent, global yatÄ±rÄ±mcÄ± Ã§ekerek, bÃ¶lgeyi yazÄ±lÄ±m Ã¼ssÃ¼ yapacak 

@berkan_aydilek 
@teknokenturfa

#ÅŸanlÄ±urfa #teknopark #giriÅŸimci #yazÄ±lÄ±m #tarÄ±msistemleri #tubitak #hassas #dijitalleÅŸme #tarÄ±m #savunmasanayi #sÃ¼rdÃ¼rÃ¼lebilirlik #kÃ¼reselgiriÅŸimciler #ekosistem https://t.co/Err76MnZew",0.0,NoÌˆtr
"â€˜Hepsi bir aradaâ€™ fitness uygulamasÄ± hayal edin. KiÅŸiye Ã¶zel programlar, online danÄ±ÅŸmanlÄ±k, antrenmanlar, blog yazÄ±larÄ± ve aktif bir topluluk forumuâ€¦ 

Biz ÅŸimdilik, bu deneyimin yalnÄ±zca web tasarÄ±m kÄ±smÄ±na odaklandÄ±k.ğŸƒğŸŒ²

#webtasarÄ±m #yazÄ±lÄ±m #kodlama #grafidiji #tasarÄ±m https://t.co/9EhndG7b1J",0.2732,Pozitif
"YazÄ±lÄ±mcÄ±larÄ± gÃ¶relim. Kimler bÃ¶yle yaÅŸÄ±yor ğŸ¤£ğŸ˜…ğŸ˜

Bizifest Freelance Platformu'na katÄ±l, sen de kazanmaya baÅŸla! 

#yazÄ±lÄ±m #yazÄ±lÄ±mcÄ± #programcÄ± #kodlama #komik #yapayzeka   #kod #grafik  #grafiktasarÄ±mcÄ± #freelanceturkiye #freelancer #freelance #bizifest

Kimler bÃ¶yle? ğŸ˜… https://t.co/UOXdOnMFrC",0.3595,Pozitif
"C# Developer ArÄ±yoruz! ğŸš€Teknolojiye yÃ¶n veren ekibimize hemen katÄ±l!
ğŸ“ Bilgisayar/YazÄ±lÄ±m MÃ¼h. mezunu
ğŸ’» C# &amp; .NET Core/.NET (3+ yÄ±l)
ğŸ”— RESTful API, SQL, Angular bilgisi
ğŸ“© BaÅŸvuru: https://t.co/nFVWBNCVkQ

#CSharpDeveloper #YazÄ±lÄ±m #WeAreHiring #Asis #iÅŸilanÄ± #asisotomasyon https://t.co/vf1zikGWFO",0.4738,Pozitif
"ğŸ’¡ Barem Ambalaj &amp; Tire Kutsan MYO! ğŸ’¡DanÄ±ÅŸma kurulundayÄ±z! ğŸš€Hedefimiz:âœ… Programlama &amp; elektronik becerisiâœ… SektÃ¶re hÄ±zlÄ± adaptasyon
GeleceÄŸin yazÄ±lÄ±mcÄ±larÄ± iÃ§in! ğŸš€
#EÄŸitim #barma #YazÄ±lÄ±m https://t.co/9rfl9A6j96",0.0,NoÌˆtr
"SQL Ã–ÄŸrenmek Ä°Ã§in HÄ±zlÄ± BaÅŸlangÄ±Ã§! ğŸ”‘
SQLâ€™in temel komutlarÄ±nÄ± keÅŸfet ve veritabanÄ±nÄ± yÃ¶netmeyi Ã¶ÄŸren! Detaylar paylaÅŸÄ±mÄ±mÄ±zda! ğŸ‘‡
#VeriTabanÄ± #Kodlama #SQLKomutlarÄ± #yazÄ±lÄ±m #excelakademi https://t.co/ArYjazYROI",0.0,NoÌˆtr
"MVP (Minimum Viable Product), bir Ã¼rÃ¼n veya hizmetin piyasaya sunulmadan Ã¶nce, sadece temel Ã¶zellikleri iÃ§eren ve kullanÄ±cÄ±lar tarafÄ±ndan test edilebilecek en basit versiyonudur. 
https://t.co/xCgVQZhpqn
#yazÄ±lÄ±m #mvp #mvpnedir https://t.co/X2LKbZJNeI",0.0,NoÌˆtr
"Bu araÃ§lar sayesinde yazÄ±lÄ±mÄ±nÄ±zÄ± daha gÃ¼venilir, hÄ±zlÄ± ve verimli hale getirebilirsiniz.  Siz hangi araÃ§larÄ± kullanÄ±yorsunuz? 

#perasoft #yazÄ±lÄ±m #software #yapayzeka #kalitegÃ¼vencesi",0.0,NoÌˆtr
"ğŸš€ TEBRÄ°KLER ASYA! ğŸš€

Ã–ÄŸrencimiz Asya, Data Scientist olarak iÅŸ teklifini aldÄ±! ğŸ‰

#datascience #offer #it #onlinekurs #kodlama #yazÄ±lÄ±meÄŸitimi #bootcamp #yazÄ±lÄ±m https://t.co/84HcRyDkiY",0.0,NoÌˆtr
"Smartiks YazÄ±lÄ±m SÃ¶zleÅŸme Yeniledi;

#SMART #haber #borsa #finans #yatÄ±rÄ±m #hisse #sÃ¶zleÅŸÃ§e #anlaÅŸma #yeni #bist #BIST100 #yazÄ±lÄ±m #protokol #aÃ§Ä±klama 

https://t.co/m1AOxSJVZV",0.0,NoÌˆtr
"Ä°zmir YazÄ±lÄ±m Siteleri: SektÃ¶rdeki Ã–ncÃ¼ Ä°simler ve GeliÅŸmeler
https://t.co/h3R9kwoKbX

#Ä°zmir #YazÄ±lÄ±m #Siteleri: #SektÃ¶rdeki #Ã–ncÃ¼ #Ä°simler #ve #GeliÅŸmeler #AlestaMedya #Alesta #Medya https://t.co/RQb0GuBOuM",0.0,NoÌˆtr
"Yapay zeka kullanmadan kod yazamayanlar ÅŸimdi 'ben yazÄ±lÄ±mcÄ±yÄ±m' diyor, bu oldukÃ§a komikğŸ˜€
#YazÄ±lÄ±m #ChatGPT #Yapayzeka",0.0,NoÌˆtr
"14. TÃœRKÄ°YE ARICILIK FUARI 2. GÃœNÃœNDEN KALDIÄI YERDEN DEVAM EDÄ°YORğŸ‘
ARGEKÄ°P AKILLI ARI KOVAN TAKÄ°P SÄ°STEMLERÄ° 
#argekipbilisim #arikovantakipsistemi #aricilik #halickongremerkezi #turkiyearicilikfuari#arikovan #istanbul #fuar #halic #yazilim #sicaklikvenem #instagram https://t.co/4al84a6KpX",0.0,NoÌˆtr
"14. TÃœRKÄ°YE ARICILIK FUARI 
ARGEKÄ°P AKILLI ARI KOVAN TAKÄ°P SÄ°STEMÄ° Ä°LE ARICILIKTA YENÄ°LÄ°KÃ‡Ä° Ã‡Ã–ZÃœMLER 
#argekipbilisim #arikovantakipsistemi #aricilik #halickongremerkezi #turkiyearicilikfuari #arikovan #istanbul #fuar #halic #yazilim #sicaklikvenem #instagram #reklamisbirligi #x https://t.co/MDc5v5ShO7",0.0,NoÌˆtr
"OÄŸlunun #disleksi (okuma gÃ¼Ã§lÃ¼ÄŸÃ¼) sorununa Ã§Ã¶zÃ¼m bulmak iÃ§in mobil bir #yazÄ±lÄ±m geliÅŸtiren Dr. GÃ¼net EroÄŸlu, dÃ¼nyadaki birÃ§ok Ã§ocuÄŸa umut Ä±ÅŸÄ±ÄŸÄ± oldu. Uygulama, bugÃ¼n Amerika ve Almanya baÅŸta olmak Ã¼zere 15 Ã¼lkede kullanÄ±lÄ±yor.

https://t.co/dlEUZQoBQU

#pazar 
#saglik",0.0,NoÌˆtr
"Ä°ÅŸte bu Ã¼zer... Kimler yaÅŸadÄ± bunu? ğŸ¤£ğŸ˜…ğŸ˜

â¤ï¸ Bizifest Freelance Platformu'na katÄ±l, sen de kazanmaya baÅŸla! 

#yazÄ±lÄ±m #yazÄ±lÄ±mcÄ± #programcÄ± #kodlama #komik #yapayzeka   #kod #grafik  #grafiktasarÄ±mcÄ± #freelanceturkiye #freelancer #freelance #bizifest

Kimler bÃ¶yle? ğŸ˜… https://t.co/v9CDcQI3Bw",0.4314,Pozitif
"Samsun YazÄ±lÄ±m: GeliÅŸen Teknolojiyle Birlikte DeÄŸiÅŸen Bir SektÃ¶r
https://t.co/Enkfw4Yc56

#Samsun #YazÄ±lÄ±m: #GeliÅŸen #Teknolojiyle #Birlikte #DeÄŸiÅŸen #Bir #SektÃ¶r #AlestaMedya #Alesta #Medya https://t.co/5C806sCyYm",0.0,NoÌˆtr
"AI GÃ¼nlÃ¼kleri: Yapay zeka dÃ¼nyasÄ±nda bu hafta (22 Åubat 2025)
https://t.co/Wsb9ETFpxm
#gÃ¼ncel #haber #teknoloji #yazÄ±lÄ±m #yapayzeka #ai #haberler",0.0,NoÌˆtr
"Herhangi bir nesne tespiti modeli kullanmadan sadece OpenCV ile nesne takibi (object tracking) yaptÄ±m ğŸ™Œ

#yapayzeka #nesnetespiti #objectdetection #objectracking #yazilim https://t.co/rC5DtTauLt",0.0,NoÌˆtr
"Yapay zeka, bilim insanlarÄ±nÄ±n yÄ±llarÄ±nÄ± alan gizemi sadece iki gÃ¼nde Ã§Ã¶zdÃ¼
https://t.co/oNNRpAKDOO
#gÃ¼ncel #haber #bilim #teknoloji #yazÄ±lÄ±m #yapayzeka #ai #haberler",0.0,NoÌˆtr
"Kimler bÃ¶yle hacker? ğŸ¤£ğŸ˜…ğŸ˜

Bizifest Freelance Platformu'na katÄ±l, sen de kazanmaya baÅŸla! 

#yazÄ±lÄ±m #yazÄ±lÄ±mcÄ± #programcÄ± #kodlama #komik #yapayzeka   #kod #grafik #grafiktasarÄ±m #grafiktasarÄ±mcÄ± #freelanceturkiye #freelancer #freelance #bizifest

Kimler bÃ¶yle? ğŸ˜… https://t.co/hTp5ZByaJg",0.4314,Pozitif
"YazÄ±lÄ±m geliÅŸtiricileri iÃ§in hazÄ±rladÄ±ÄŸÄ±m bu flood umarÄ±m yararlÄ± olmuÅŸtur. EÄŸer hala kullanmaya baÅŸlamadÄ±ysanÄ±z, yeniden dÃ¼ÅŸÃ¼nÃ¼n.

#yazilim #developer #geliÅŸtirici #kodlama #ai #cursor",0.0,NoÌˆtr
"SeÃ§imlerin GeleceÄŸini Belirler! TÃ¼m SektÃ¶rler iÃ§in "" MÃ¼hendis Seviyesinde "" eÄŸitim almak da senin elinde!
GÃ¼zel ve Rahat bir gelecek iÃ§in tek ihtiyacÄ±n "" Kaliteli "" bir eÄŸitim...
444 3 111
https://t.co/tPmK3Weyks

#ÃœÃ§Ã¼ncÃ¼BinyÄ±l #TasarÄ±m #YazÄ±lÄ±m #CNC #MÃ¼hendis #CAD #YapayZeka #Ai https://t.co/hOrDDSUy4K",0.0,NoÌˆtr
"YazÄ±lÄ±m alanÄ±nda gelecek planlarÄ± yapan ya da bilgilenmek isteyenler iÃ§in hap formundaki blog yazÄ±mÄ± paylaÅŸÄ±yorum. #yazÄ±lÄ±m #nedir #developer #SDLC #Software
#SoftwareDevelopment #SoftwareEngineering

YazÄ±lÄ±m Nedir ? YazÄ±lÄ±mcÄ± Ne Ä°ÅŸ Yapar ? https://t.co/eU4gpYsU4K",0.0,NoÌˆtr
"Ä°stanbul Web Sitesi YazÄ±lÄ±m FiyatlarÄ±: Uygun Fiyatlarla Profesyonel Hizmet
https://t.co/XoaIroKHrY

#Ä°stanbul #Web #Sitesi #YazÄ±lÄ±m #FiyatlarÄ±: #Uygun #Fiyatlarla #Profesyonel #Hizmet #AlestaMedya #Alesta #Medya https://t.co/fFcr2RbBDg",0.0,NoÌˆtr
Ä°lk kiÅŸisel bilgisayar hangisiydi? #bilgisayar #yazÄ±lÄ±m #pc #technology #ilk https://t.co/TighNtTRrR,0.0,NoÌˆtr
"Sivas YazÄ±lÄ±m ve Web TasarÄ±m Hizmetleri
https://t.co/GWmyHa4lSO

#Sivas #YazÄ±lÄ±m #ve #Web #TasarÄ±m #Hizmetleri #AlestaMedya #Alesta #Medya https://t.co/z2qkS1zrH7",0.0,NoÌˆtr
"EÄŸitim ve geliÅŸim programlarÄ±, performans deÄŸerlendirme sistemi ve dÃ¼zenli geri bildirimlerle yeteneklerinizi en Ã¼st seviyeye taÅŸÄ±rken, deneyimli bir ekiple Ã§alÄ±ÅŸma fÄ±rsatÄ± sunuyoruz.

#Siskon #Yazilim #Otomasyon #MakesYourFactorySmarter #Digital #Cloud #Software #Manufacturingâ€¦ https://t.co/xqA7NTvDHg https://t.co/hS8ZHUy7Ex",0.0,NoÌˆtr
